,puma,Unemployment_BABS,Unemployment_HS,FT_Work_BABS,FT_Work_HS,Poverty_BABS,Poverty_HS,Working_Poor_BABS,Working_Poor_HS,Income_level_BABS,Income_level_HS,Rent_Burden_BABS,Rent_Burden_HS,Home_ownership_BABS,Home_ownership_HS
0,Total Geo,0.5796964086014029,1.9788588844311255,0.916271093948,0.8107963997877331,1.855307553949487,1.2937382164869236,1.4712470438604384,1.1466255444900937,0.7206441887228431,0.8121222623636172,1.4174555176376982,1.0441820262359778,0.9008363808470683,0.9417900209528342
1,NYC-Manhattan Community District 7--Upper West Side & West Side PUMA,#DIV/0!,#DIV/0!,1.1518324607329844,#DIV/0!,#DIV/0!,#DIV/0!,#DIV/0!,#DIV/0!,1.0233364921577797,0.0,1.498448531726402,#DIV/0!,0.0,#DIV/0!
2,Nassau County (West Central)--Hempstead Town (Northwest) PUMA,#DIV/0!,0.0,0.08076923076923077,1.2213662868453432,#DIV/0!,#DIV/0!,#DIV/0!,#DIV/0!,0.26371986945067044,0.42841721098894037,#DIV/0!,#DIV/0!,0.717201166180758,0.7180406212664278
3,NYC-Brooklyn Community District 2--Brooklyn Heights & Fort Greene PUMA,#DIV/0!,#DIV/0!,1.0,1.0,#DIV/0!,1.0029601834479884,#DIV/0!,1.0029601834479884,0.697582976754944,0.5298639910030225,#DIV/0!,#DIV/0!,#DIV/0!,0.4910275689223058
4,Madison & Cortland Counties PUMA,#DIV/0!,#DIV/0!,#DIV/0!,#DIV/0!,#DIV/0!,#DIV/0!,#DIV/0!,#DIV/0!,#DIV/0!,#DIV/0!,#DIV/0!,#DIV/0!,#DIV/0!,#DIV/0!
5,Ontario & Yates Counties PUMA,#DIV/0!,#DIV/0!,#DIV/0!,#DIV/0!,#DIV/0!,#DIV/0!,#DIV/0!,#DIV/0!,#DIV/0!,#DIV/0!,#DIV/0!,#DIV/0!,#DIV/0!,#DIV/0!
6,Monroe County (Central)--Greece & Gates Towns PUMA,#DIV/0!,#DIV/0!,#DIV/0!,#DIV/0!,#DIV/0!,#DIV/0!,#DIV/0!,#DIV/0!,#DIV/0!,#DIV/0!,#DIV/0!,#DIV/0!,#DIV/0!,#DIV/0!
7,Nassau County (East Central)--Oyster Bay Town (Central) PUMA,#DIV/0!,#DIV/0!,1.0,1.0,#DIV/0!,#DIV/0!,#DIV/0!,#DIV/0!,0.6744655667694219,0.6518065268065268,#DIV/0!,#DIV/0!,1.0,0.4419642857142857
8,"Clinton, Franklin, Essex & Hamilton Counties PUMA",#DIV/0!,#DIV/0!,#DIV/0!,0.0,#DIV/0!,#DIV/0!,#DIV/0!,#DIV/0!,#DIV/0!,0.0,#DIV/0!,#DIV/0!,#DIV/0!,#DIV/0!
9,NYC-Manhattan Community District 8--Upper East Side PUMA,#DIV/0!,#DIV/0!,0.6633303002729755,1.0,#DIV/0!,#DIV/0!,#DIV/0!,#DIV/0!,0.21814232115224855,0.75,#DIV/0!,#DIV/0!,#DIV/0!,#DIV/0!
10,Suffolk County (Southwest)--Islip Town (South) PUMA,#DIV/0!,#DIV/0!,#DIV/0!,1.0,#DIV/0!,#DIV/0!,#DIV/0!,#DIV/0!,0.0,0.2419854421557999,#DIV/0!,#DIV/0!,#DIV/0!,1.0
11,Erie County (Northwest) PUMA,#DIV/0!,#DIV/0!,#DIV/0!,#DIV/0!,#DIV/0!,#DIV/0!,#DIV/0!,#DIV/0!,#DIV/0!,0.0,#DIV/0!,#DIV/0!,#DIV/0!,#DIV/0!
12,"NYC-Queens Community District 8--Briarwood, Fresh Meadows & Hillcrest PUMA",#DIV/0!,#DIV/0!,0.8992918961447679,1.0,#DIV/0!,1.2485620076937167,#DIV/0!,1.2485620076937167,0.753842781972582,0.7378634353549752,#DIV/0!,#DIV/0!,0.5328747917316408,0.6092654986522911
13,NYC-Brooklyn Community District 5--East New York & Starrett City PUMA,#DIV/0!,#DIV/0!,1.0897435897435899,0.9453695683065322,0.8680030257186081,1.5392760415901423,0.8680030257186081,1.5392760415901423,0.8908047997248146,0.6757796254858344,0.0,3.3308208906565824,0.33133583511798337,1.4065316284131233
14,Rockland County (North)--New City & Congers PUMA,#DIV/0!,#DIV/0!,#DIV/0!,1.036325941025711,#DIV/0!,4.920986407053637,#DIV/0!,4.920986407053637,#DIV/0!,1.3980181540945844,#DIV/0!,#DIV/0!,#DIV/0!,0.9634532057928819
15,"Otsego, Schoharie, Oneida (South) & Herkimer (South) Counties PUMA",#DIV/0!,#DIV/0!,#DIV/0!,#DIV/0!,#DIV/0!,#DIV/0!,#DIV/0!,#DIV/0!,#DIV/0!,#DIV/0!,#DIV/0!,#DIV/0!,#DIV/0!,#DIV/0!
16,NYC-Brooklyn Community District 7--Sunset Park & Windsor Terrace PUMA,#DIV/0!,#DIV/0!,1.0,0.8128425294166187,#DIV/0!,1.3480452985024394,#DIV/0!,1.3480452985024394,0.5414983755234328,0.8625063850631034,#DIV/0!,1.9142810581780652,1.4492885084188445,0.0
17,NYC-Brooklyn Community District 11--Bensonhurst & Bath Beach PUMA,#DIV/0!,0.0,1.3859649122807018,0.5959595959595959,2.4658603199375735,0.24273716935287065,2.4658603199375735,0.24273716935287065,0.43429388922951156,1.508265331170036,2.4658603199375735,0.36615901649143545,#DIV/0!,#DIV/0!
18,Tompkins County PUMA,#DIV/0!,#DIV/0!,#DIV/0!,#DIV/0!,#DIV/0!,#DIV/0!,#DIV/0!,#DIV/0!,#DIV/0!,#DIV/0!,#DIV/0!,#DIV/0!,#DIV/0!,#DIV/0!
19,Dutchess County (Southwest) PUMA,#DIV/0!,#DIV/0!,#DIV/0!,0.8931552587646077,#DIV/0!,0.8321622484829128,#DIV/0!,0.8321622484829128,0.0,0.5601751273064027,#DIV/0!,0.6420666329207123,#DIV/0!,1.942476065788397
20,NYC-Queens Community District 9--Richmond Hill & Woodhaven PUMA,#DIV/0!,0.6609165797834858,0.7661381653454133,0.9292930279745242,#DIV/0!,1.6146555157307845,#DIV/0!,1.6146555157307845,0.6181880878109512,0.771971771658197,#DIV/0!,1.106024677239423,1.0691325933000557,1.0122847334524925
21,Westchester County (Northwest) PUMA,0.0,#DIV/0!,1.1522842639593909,0.368510845722642,#DIV/0!,1.324855808239146,#DIV/0!,1.324855808239146,0.5722086673637736,0.8902614647506691,#DIV/0!,0.8614612532076122,0.0,1.2354318403795173
22,Albany County (Outside Albany City) PUMA,#DIV/0!,#DIV/0!,#DIV/0!,0.0,#DIV/0!,#DIV/0!,#DIV/0!,#DIV/0!,0.0,0.0,#DIV/0!,#DIV/0!,#DIV/0!,0.0
23,Monroe County (South) PUMA,#DIV/0!,#DIV/0!,#DIV/0!,0.0,#DIV/0!,#DIV/0!,#DIV/0!,#DIV/0!,#DIV/0!,0.0,#DIV/0!,#DIV/0!,#DIV/0!,1.0
24,Jefferson & Lewis Counties PUMA,#DIV/0!,#DIV/0!,1.0,0.0,#DIV/0!,#DIV/0!,#DIV/0!,#DIV/0!,0.3058823529411765,0.0,#DIV/0!,#DIV/0!,#DIV/0!,0.44
25,"Chenango, Delaware & Broome (East) Counties PUMA",#DIV/0!,#DIV/0!,#DIV/0!,#DIV/0!,#DIV/0!,#DIV/0!,#DIV/0!,#DIV/0!,#DIV/0!,#DIV/0!,#DIV/0!,#DIV/0!,#DIV/0!,#DIV/0!
26,Erie County (Central) PUMA,#DIV/0!,#DIV/0!,1.0,2.2758620689655173,#DIV/0!,#DIV/0!,#DIV/0!,#DIV/0!,2.2,0.37220388705537216,#DIV/0!,#DIV/0!,1.0,1.306930693069307
27,St. Lawrence County PUMA,#DIV/0!,#DIV/0!,#DIV/0!,#DIV/0!,#DIV/0!,#DIV/0!,#DIV/0!,#DIV/0!,0.0,#DIV/0!,#DIV/0!,#DIV/0!,#DIV/0!,#DIV/0!
28,"NYC-Manhattan Community District 9--Hamilton Heights, Manhattanville & West Harlem PUMA",#DIV/0!,0.0,0.6088397790055249,0.9558645707376058,2.826799368855444,2.315342613704548,2.826799368855444,2.315342613704548,0.9286064044861748,0.7879545478624851,2.7990610256841593,#DIV/0!,0.878535851527363,1.8167635796340946
29,Suffolk County (North Central)--Brookhaven Town (North) PUMA,#DIV/0!,2.191196350118283,0.672077922077922,0.3161764705882353,#DIV/0!,#DIV/0!,#DIV/0!,#DIV/0!,0.8573391848879498,0.9090909090909091,#DIV/0!,#DIV/0!,0.6136363636363636,0.654275092936803
30,NYC-Brooklyn Community District 1--Greenpoint & Williamsburg PUMA,0.0,#DIV/0!,2.382142182299161,0.3465818593343951,17.905787061707343,1.3053497942386831,17.905787061707343,1.3053497942386831,1.2880003959405673,1.8437938416301403,#DIV/0!,0.9003115264797508,#DIV/0!,1.3452229299363059
31,Cayuga & Onondaga (South) Counties PUMA,#DIV/0!,#DIV/0!,1.0,#DIV/0!,#DIV/0!,#DIV/0!,#DIV/0!,#DIV/0!,1.74496644295302,0.0,#DIV/0!,#DIV/0!,0.0,#DIV/0!
32,Nassau County (Southeast)--Oyster Bay Town (South) PUMA,#DIV/0!,#DIV/0!,#DIV/0!,1.5547521631802381,#DIV/0!,#DIV/0!,#DIV/0!,#DIV/0!,0.0,0.5743327168132565,#DIV/0!,#DIV/0!,#DIV/0!,0.3127574360282861
33,Fulton & Montgomery Counties PUMA,#DIV/0!,#DIV/0!,#DIV/0!,#DIV/0!,#DIV/0!,#DIV/0!,#DIV/0!,#DIV/0!,#DIV/0!,#DIV/0!,#DIV/0!,#DIV/0!,#DIV/0!,#DIV/0!
34,Onondaga County (Central)--Syracuse City (Outer) PUMA,#DIV/0!,#DIV/0!,1.0,0.0,#DIV/0!,#DIV/0!,#DIV/0!,#DIV/0!,0.8909090909090909,0.0,#DIV/0!,#DIV/0!,1.0,1.0
35,NYC-Staten Island Community District 2--New Springville & South Beach PUMA,#DIV/0!,#DIV/0!,0.0,0.5925398961738126,#DIV/0!,1.0153583701521847,#DIV/0!,1.0153583701521847,0.0,1.9991192287722908,#DIV/0!,1.0378984369667599,1.0,1.6374496644295302
36,Niagara County (Southwest)--Greater Niagara Falls & North Tonawanda Area PUMA,#DIV/0!,#DIV/0!,#DIV/0!,#DIV/0!,#DIV/0!,#DIV/0!,#DIV/0!,#DIV/0!,#DIV/0!,0.0,#DIV/0!,#DIV/0!,#DIV/0!,#DIV/0!
37,Suffolk County (Central)--Brookhaven Town (Central) PUMA,#DIV/0!,#DIV/0!,0.0,0.45692427870444996,#DIV/0!,#DIV/0!,#DIV/0!,#DIV/0!,0.0,0.71803930621366,#DIV/0!,#DIV/0!,1.0,0.8211342919011864
38,"NYC-Bronx Community District 7--Bedford Park, Fordham North & Norwood PUMA",#DIV/0!,#DIV/0!,1.0,0.6348258706467662,0.0,3.3701043175789644,0.0,3.3701043175789644,1.6939258084087863,0.6145394442505199,0.0,3.769689174882551,0.8225584394881382,0.0
39,NYC-Queens Community District 4--Elmhurst & South Corona PUMA,0.0,0.0,1.0848544283108201,0.6467255974297884,#DIV/0!,3.2029443668096667,#DIV/0!,3.2029443668096667,0.7089541356810479,0.7246300373857326,3.658111893406011,1.8378877120250765,#DIV/0!,1.0861693505537746
40,"NYC-Brooklyn Community District 6--Park Slope, Carroll Gardens & Red Hook PUMA",#DIV/0!,#DIV/0!,0.6508728179551122,#DIV/0!,#DIV/0!,#DIV/0!,#DIV/0!,#DIV/0!,0.5744252260493506,#DIV/0!,#DIV/0!,#DIV/0!,0.15984174984652463,#DIV/0!
41,Suffolk County (Central)--Islip Town (East) PUMA,#DIV/0!,#DIV/0!,#DIV/0!,1.0,#DIV/0!,#DIV/0!,#DIV/0!,#DIV/0!,#DIV/0!,5.769230769230769,#DIV/0!,#DIV/0!,#DIV/0!,#DIV/0!
42,"NYC-Brooklyn Community District 9--Crown Heights South, Prospect Lefferts & Wingate PUMA",#DIV/0!,#DIV/0!,1.0,0.42485207100591715,#DIV/0!,0.2691694589934611,#DIV/0!,0.2691694589934611,1.1538461538461537,0.8568914941055367,#DIV/0!,0.08607957318064999,#DIV/0!,#DIV/0!
43,"NYC-Queens Community District 7--Flushing, Murray Hill & Whitestone PUMA",#DIV/0!,#DIV/0!,1.0478491822017515,0.8979139934913994,#DIV/0!,1.6082403063801698,#DIV/0!,1.6082403063801698,0.6001772022177548,0.8400649653838371,#DIV/0!,1.807953987109454,0.7433693292484986,1.2343318684165943
44,NYC-Queens Community District 3--Jackson Heights & North Corona PUMA,#DIV/0!,#DIV/0!,0.804361770365619,0.8536951220246,#DIV/0!,1.1574657656034646,#DIV/0!,1.1574657656034646,1.019763196255423,0.9303644539008344,#DIV/0!,1.5072608155207048,0.5191385603520693,1.183245488510973
45,Saratoga County (Outer) PUMA,#DIV/0!,#DIV/0!,#DIV/0!,#DIV/0!,#DIV/0!,#DIV/0!,#DIV/0!,#DIV/0!,0.0,#DIV/0!,#DIV/0!,#DIV/0!,1.0,#DIV/0!
46,"NYC-Bronx Community District 12--Wakefield, Williamsbridge & Woodlawn PUMA",#DIV/0!,#DIV/0!,1.0,1.1765124555160142,0.0,1.4921105974217899,0.0,1.4921105974217899,1.0229266643728532,0.4254254730376409,#DIV/0!,0.45459007250418293,0.5645569620253165,0.6981317640583136
47,"NYC-Brooklyn Community District 15--Sheepshead Bay, Gerritsen Beach & Homecrest PUMA",#DIV/0!,#DIV/0!,#DIV/0!,1.0869835766828901,#DIV/0!,0.0,#DIV/0!,0.0,#DIV/0!,1.034825077140421,#DIV/0!,0.0,0.5517241379310345,#DIV/0!
48,Wayne & Seneca Counties PUMA,#DIV/0!,#DIV/0!,#DIV/0!,#DIV/0!,#DIV/0!,#DIV/0!,#DIV/0!,#DIV/0!,#DIV/0!,#DIV/0!,#DIV/0!,#DIV/0!,#DIV/0!,#DIV/0!
49,Schenectady County--Schenectady City PUMA,#DIV/0!,#DIV/0!,#DIV/0!,1.0,#DIV/0!,#DIV/0!,#DIV/0!,#DIV/0!,#DIV/0!,0.2432608538262905,#DIV/0!,#DIV/0!,#DIV/0!,1.0
50,NYC-Brooklyn Community District 10--Bay Ridge & Dyker Heights PUMA,#DIV/0!,#DIV/0!,1.0,0.832425068119891,#DIV/0!,1.3378893998990056,#DIV/0!,1.3378893998990056,0.49895305971983284,1.1475247577778716,#DIV/0!,0.8387285345710431,#DIV/0!,1.3400520973681846
51,Nassau County (Northwest)--North Hempstead Town (North) PUMA,#DIV/0!,#DIV/0!,#DIV/0!,1.0,#DIV/0!,#DIV/0!,#DIV/0!,#DIV/0!,#DIV/0!,0.18214459363428953,#DIV/0!,#DIV/0!,#DIV/0!,0.3568972320874908
52,Suffolk County (West Central)--Babylon Town (Northwest) PUMA,#DIV/0!,#DIV/0!,0.8260869565217391,0.8497942386831275,#DIV/0!,2.3665670560536083,#DIV/0!,2.3665670560536083,1.0666666666666667,1.059824374175973,#DIV/0!,#DIV/0!,0.8260869565217391,0.9756718690138848
53,"NYC-Manhattan Community District 4 & 5--Chelsea, Clinton & Midtown Business District PUMA",#DIV/0!,#DIV/0!,1.2685827552031714,0.4776725304465494,#DIV/0!,#DIV/0!,#DIV/0!,#DIV/0!,1.5280967409011428,0.5580280359718713,0.0,#DIV/0!,0.0,0.4178324502905406
54,Columbia & Greene Counties PUMA,#DIV/0!,#DIV/0!,#DIV/0!,#DIV/0!,#DIV/0!,#DIV/0!,#DIV/0!,#DIV/0!,#DIV/0!,0.0,#DIV/0!,#DIV/0!,#DIV/0!,#DIV/0!
55,Rensselaer County--Troy City PUMA,0.0,#DIV/0!,1.0,#DIV/0!,1.0,#DIV/0!,1.0,#DIV/0!,2.1,0.0,#DIV/0!,#DIV/0!,#DIV/0!,#DIV/0!
56,Erie County (West Central)--Buffalo City (West) PUMA,#DIV/0!,#DIV/0!,1.0,#DIV/0!,#DIV/0!,#DIV/0!,#DIV/0!,#DIV/0!,0.6774227073166789,#DIV/0!,#DIV/0!,#DIV/0!,0.27225130890052357,#DIV/0!
57,Erie County (South) PUMA,#DIV/0!,#DIV/0!,#DIV/0!,#DIV/0!,#DIV/0!,#DIV/0!,#DIV/0!,#DIV/0!,#DIV/0!,#DIV/0!,#DIV/0!,#DIV/0!,#DIV/0!,#DIV/0!
58,Oneida County (Central)--Greater Utica & Rome Cities PUMA,#DIV/0!,#DIV/0!,#DIV/0!,#DIV/0!,#DIV/0!,#DIV/0!,#DIV/0!,#DIV/0!,#DIV/0!,#DIV/0!,#DIV/0!,#DIV/0!,#DIV/0!,#DIV/0!
59,"NYC-Manhattan Community District 12--Washington Heights, Inwood & Marble Hill PUMA",0.0,12.570181918602643,1.078045801787491,0.9345891913934729,0.9004955368591732,1.3530722304868825,0.9004955368591732,1.3530722304868825,0.9374683021427803,1.0837745932020877,#DIV/0!,1.5924254841115646,0.7709927558412407,0.37589912610143045
60,NYC-Brooklyn Community District 13--Brighton Beach & Coney Island PUMA,#DIV/0!,#DIV/0!,#DIV/0!,#DIV/0!,#DIV/0!,#DIV/0!,#DIV/0!,#DIV/0!,#DIV/0!,#DIV/0!,#DIV/0!,#DIV/0!,#DIV/0!,#DIV/0!
61,NYC-Manhattan Community District 10--Central Harlem PUMA,#DIV/0!,#DIV/0!,2.1604938271604937,#DIV/0!,0.0,1.0,0.0,1.0,0.876685804345379,#DIV/0!,0.24822695035460993,#DIV/0!,#DIV/0!,#DIV/0!
62,Nassau County (West Central)--North Hempstead Town (South) PUMA,#DIV/0!,#DIV/0!,0.352,0.5161022183603605,#DIV/0!,2.8549659201557933,#DIV/0!,2.8549659201557933,0.7517244607612036,1.2283194708167842,#DIV/0!,1.0,1.0,0.8016417077481165
63,NYC-Brooklyn Community District 16--Brownsville & Ocean Hill PUMA,0.0,#DIV/0!,1.0,1.0,0.9062312117275932,1.0490571945576153,0.9062312117275932,1.0490571945576153,0.5500159469286215,0.7209744551127754,#DIV/0!,#DIV/0!,#DIV/0!,0.0
64,Albany County (East Central)--Albany City PUMA,#DIV/0!,#DIV/0!,#DIV/0!,#DIV/0!,#DIV/0!,#DIV/0!,#DIV/0!,#DIV/0!,#DIV/0!,#DIV/0!,#DIV/0!,#DIV/0!,#DIV/0!,#DIV/0!
65,Nassau County (West Central)--Hempstead Town (West Central) PUMA,#DIV/0!,0.0,0.625,1.1547857113706195,#DIV/0!,2.068888888888889,#DIV/0!,2.068888888888889,0.7452703993884959,0.6980757526190727,#DIV/0!,1.0,1.0,0.9520679975046787
66,Chemung (South) & Steuben (East) Counties--Greater Elmira & Greater Corning Cities PUMA,#DIV/0!,#DIV/0!,#DIV/0!,#DIV/0!,#DIV/0!,#DIV/0!,#DIV/0!,#DIV/0!,#DIV/0!,0.0,#DIV/0!,#DIV/0!,#DIV/0!,#DIV/0!
67,"NYC-Bronx Community District 3 & 6--Belmont, Crotona Park East & East Tremont PUMA",#DIV/0!,#DIV/0!,0.9689655172413794,0.8870431746990559,#DIV/0!,0.8410883853294485,#DIV/0!,0.8410883853294485,1.1438032858792935,0.9919467683854478,#DIV/0!,0.9049907671646803,2.8704794943686736,0.8860488440197064
68,"NYC-Bronx Community District 5--Morris Heights, Fordham South & Mount Hope PUMA",#DIV/0!,0.0,1.407741749115332,0.7986484957917359,1.726896126896127,0.8583284742468417,1.726896126896127,0.8583284742468417,0.7346549875032098,0.9611693620638552,0.9594555318736678,1.1365916180477136,0.5397572915381135,0.9411734693877551
69,"NYC-Bronx Community District 8--Riverdale, Fieldston & Kingsbridge PUMA",#DIV/0!,#DIV/0!,1.1769058743241116,0.7570093457943925,#DIV/0!,1.7731618985571123,#DIV/0!,1.7731618985571123,0.7200756786175312,1.0132336662839962,#DIV/0!,1.5905226077305412,0.3320600946696851,1.176664057412365
70,Erie County (Northeast) PUMA,#DIV/0!,#DIV/0!,#DIV/0!,#DIV/0!,#DIV/0!,#DIV/0!,#DIV/0!,#DIV/0!,#DIV/0!,#DIV/0!,#DIV/0!,#DIV/0!,#DIV/0!,#DIV/0!
71,NYC-Manhattan Community District 11--East Harlem PUMA,#DIV/0!,#DIV/0!,1.0,0.11262798634812286,#DIV/0!,0.3205295138888889,#DIV/0!,0.3205295138888889,1.3766412642669008,1.1357264010523038,#DIV/0!,0.15010279942776286,#DIV/0!,#DIV/0!
72,Orange County (Southeast) PUMA,#DIV/0!,#DIV/0!,1.0,1.5098654708520178,#DIV/0!,0.0,#DIV/0!,0.0,0.32857142857142857,0.7585444091860488,#DIV/0!,#DIV/0!,1.0,1.4143695014662756
73,Westchester County (Southeast) PUMA,#DIV/0!,#DIV/0!,0.8724569640062598,1.4829821717990275,0.0,0.4511160865730375,0.0,0.4511160865730375,0.41582388057364206,1.4408301189791124,0.0,0.0,1.03888069693734,1.9788938831346492
74,NYC-Queens Community District 1--Astoria & Long Island City PUMA,1.4354546809461963,0.6609819486503916,0.8214012787844353,0.9096689125579625,2.7524857878936273,0.5002234365193848,2.7524857878936273,0.5002234365193848,0.6892801916303241,1.300611255693223,0.6776317888570536,0.8615375452284875,#DIV/0!,0.8138836537253423
75,Livingston & Wyoming Counties PUMA,#DIV/0!,#DIV/0!,#DIV/0!,1.0,#DIV/0!,#DIV/0!,#DIV/0!,#DIV/0!,#DIV/0!,0.96,#DIV/0!,#DIV/0!,#DIV/0!,#DIV/0!
76,Suffolk County (Central)--Brookhaven Town (West Central) PUMA,#DIV/0!,#DIV/0!,#DIV/0!,0.3741851368970013,#DIV/0!,4.466210343328988,#DIV/0!,4.466210343328988,#DIV/0!,0.4908627346666103,#DIV/0!,#DIV/0!,#DIV/0!,1.0
77,Westchester County (Southwest)--Yonkers City PUMA,#DIV/0!,2.1033953590338075,1.0,0.8380561563102722,#DIV/0!,0.9136457988290507,#DIV/0!,0.9136457988290507,0.6980223786860192,0.6410091576414761,#DIV/0!,1.0669056850184255,0.7906755470980019,0.5866899204578582
78,Erie County (North Central) PUMA,#DIV/0!,#DIV/0!,1.0,#DIV/0!,#DIV/0!,0.0,#DIV/0!,0.0,2.1129294590643273,#DIV/0!,#DIV/0!,#DIV/0!,1.0,#DIV/0!
79,Saratoga County (South & Central) PUMA,#DIV/0!,#DIV/0!,#DIV/0!,#DIV/0!,#DIV/0!,#DIV/0!,#DIV/0!,#DIV/0!,#DIV/0!,#DIV/0!,#DIV/0!,#DIV/0!,#DIV/0!,#DIV/0!
80,Suffolk County (South Central)--Brookhaven Town (South) PUMA,#DIV/0!,#DIV/0!,1.0,0.5367216871876144,#DIV/0!,#DIV/0!,#DIV/0!,#DIV/0!,0.32142857142857145,0.9369754661884069,#DIV/0!,0.5379464285714286,1.0,1.2652446619217081
81,"NYC-Staten Island Community District 3--Tottenville, Great Kills & Annadale PUMA",#DIV/0!,#DIV/0!,#DIV/0!,#DIV/0!,#DIV/0!,#DIV/0!,#DIV/0!,#DIV/0!,0.0,0.0,#DIV/0!,#DIV/0!,1.0,#DIV/0!
82,Herkimer (North & Central) & Oneida (Outer) Counties PUMA,#DIV/0!,#DIV/0!,#DIV/0!,#DIV/0!,#DIV/0!,#DIV/0!,#DIV/0!,#DIV/0!,#DIV/0!,#DIV/0!,#DIV/0!,#DIV/0!,#DIV/0!,#DIV/0!
83,Niagara County (North & East) PUMA,#DIV/0!,#DIV/0!,#DIV/0!,#DIV/0!,#DIV/0!,#DIV/0!,#DIV/0!,#DIV/0!,#DIV/0!,0.0,#DIV/0!,#DIV/0!,#DIV/0!,#DIV/0!
84,Monroe County (Central)--Rochester City (East) PUMA,#DIV/0!,0.0,#DIV/0!,0.8475200346545376,#DIV/0!,#DIV/0!,#DIV/0!,#DIV/0!,#DIV/0!,0.44006434401832195,#DIV/0!,0.9581875993640699,#DIV/0!,0.0
85,Warren & Washington Counties PUMA,#DIV/0!,#DIV/0!,#DIV/0!,#DIV/0!,#DIV/0!,#DIV/0!,#DIV/0!,#DIV/0!,#DIV/0!,#DIV/0!,#DIV/0!,#DIV/0!,#DIV/0!,#DIV/0!
86,Nassau County (Southwest)--Hempstead Town (Southwest) & Long Beach City PUMA,#DIV/0!,#DIV/0!,1.0,1.3043956043956044,#DIV/0!,#DIV/0!,#DIV/0!,#DIV/0!,1.4770459333712864,0.36242603550295854,#DIV/0!,#DIV/0!,1.0,1.9684908789386404
87,NYC-Brooklyn Community District 8--Crown Heights North & Prospect Heights PUMA,#DIV/0!,0.0,0.6433962264150943,#DIV/0!,#DIV/0!,0.1729490022172949,#DIV/0!,0.1729490022172949,1.2831684167376156,#DIV/0!,0.4166982922201138,#DIV/0!,0.3227408142999007,#DIV/0!
88,Onondaga County (Central)--Syracuse City PUMA,#DIV/0!,#DIV/0!,#DIV/0!,1.0,#DIV/0!,#DIV/0!,#DIV/0!,#DIV/0!,#DIV/0!,0.7620572475821561,#DIV/0!,#DIV/0!,#DIV/0!,4.666848299912815
89,Westchester County (Central)--White Plains City PUMA,#DIV/0!,#DIV/0!,0.7328094302554028,0.35294117647058826,#DIV/0!,#DIV/0!,#DIV/0!,#DIV/0!,0.7334592732711701,0.6081978287440293,#DIV/0!,1.5767914417796212,0.5526682134570766,0.47585950859508597
90,NYC-Brooklyn Community District 3--Bedford-Stuyvesant PUMA,#DIV/0!,#DIV/0!,#DIV/0!,0.7528753666464076,#DIV/0!,1.2549968302572874,#DIV/0!,1.2549968302572874,#DIV/0!,0.325938821230946,#DIV/0!,#DIV/0!,0.37681159420289856,0.4613292447586513
91,"NYC-Bronx Community District 1 & 2--Hunts Point, Longwood & Melrose PUMA",#DIV/0!,0.0,0.8495102404274265,0.7684338192419825,0.7352098600932712,1.7077359417571127,0.7352098600932712,1.7077359417571127,0.6663980843248833,0.717536292871157,0.1321471528735295,1.1845523107954048,1.0623722116290288,1.0144043950154094
92,Cattaraugus & Allegany Counties PUMA,#DIV/0!,#DIV/0!,#DIV/0!,#DIV/0!,#DIV/0!,#DIV/0!,#DIV/0!,#DIV/0!,#DIV/0!,#DIV/0!,#DIV/0!,#DIV/0!,#DIV/0!,#DIV/0!
93,Oswego County PUMA,#DIV/0!,#DIV/0!,#DIV/0!,#DIV/0!,#DIV/0!,#DIV/0!,#DIV/0!,#DIV/0!,#DIV/0!,#DIV/0!,#DIV/0!,#DIV/0!,#DIV/0!,#DIV/0!
94,"NYC-Queens Community District 5--Ridgewood, Glendale & Middle Village PUMA",0.5077177353839258,2.1256424753289473,1.082535985226271,1.1120595627637881,#DIV/0!,1.9280804691160662,#DIV/0!,1.9280804691160662,0.6492572029431172,0.6634114629287979,#DIV/0!,1.1338273806605548,0.40661539138986336,1.3174753852267207
95,Monroe County (East) PUMA,#DIV/0!,#DIV/0!,#DIV/0!,0.0,#DIV/0!,1.5028080441216032,#DIV/0!,1.5028080441216032,#DIV/0!,0.0,#DIV/0!,#DIV/0!,#DIV/0!,0.5461393596986818
96,Westchester County (South Central)--New Rochelle & Mount Vernon Cities PUMA,#DIV/0!,#DIV/0!,1.0,0.30282161246721984,#DIV/0!,0.33930539889253486,#DIV/0!,0.33930539889253486,0.9550844477070202,1.3701157839540579,#DIV/0!,#DIV/0!,1.292888409993939,0.317695954794587
97,"NYC-Queens Community District 14--Far Rockaway, Breezy Point & Broad Channel PUMA",#DIV/0!,#DIV/0!,#DIV/0!,#DIV/0!,#DIV/0!,#DIV/0!,#DIV/0!,#DIV/0!,#DIV/0!,0.0,#DIV/0!,#DIV/0!,#DIV/0!,#DIV/0!
98,"NYC-Brooklyn Community District 12--Borough Park, Kensington & Ocean Parkway PUMA",#DIV/0!,#DIV/0!,1.0,0.5971266087997605,2.6054062216852913,1.4326272514425824,2.6054062216852913,1.4326272514425824,0.4419341192899719,0.37519016010969597,#DIV/0!,0.0,0.0,0.6857015106512089
99,"NYC-Bronx Community District 10--Co-op City, Pelham Bay & Schuylerville PUMA",#DIV/0!,#DIV/0!,#DIV/0!,2.650124697292804,#DIV/0!,0.0,#DIV/0!,0.0,#DIV/0!,3.4730650154798757,#DIV/0!,0.0,#DIV/0!,0.5969999657334749
100,"NYC-Queens Community District 11--Bayside, Douglaston & Little Neck PUMA",#DIV/0!,#DIV/0!,0.6748768472906403,0.5225733634311512,#DIV/0!,#DIV/0!,#DIV/0!,#DIV/0!,1.4781675954268374,1.2934885462163068,#DIV/0!,#DIV/0!,1.0002560819462227,0.5402199559056743
101,"NYC-Manhattan Community District 6--Murray Hill, Gramercy & Stuyvesant Town PUMA",#DIV/0!,#DIV/0!,0.8088033012379643,#DIV/0!,#DIV/0!,#DIV/0!,#DIV/0!,#DIV/0!,0.7938152213666201,#DIV/0!,#DIV/0!,#DIV/0!,0.0,#DIV/0!
102,Chautauqua County PUMA,#DIV/0!,#DIV/0!,#DIV/0!,#DIV/0!,#DIV/0!,1.0,#DIV/0!,1.0,#DIV/0!,#DIV/0!,#DIV/0!,#DIV/0!,#DIV/0!,#DIV/0!
103,NYC-Brooklyn Community District 18--Canarsie & Flatlands PUMA,#DIV/0!,#DIV/0!,0.9562798092209857,1.0,#DIV/0!,0.7568138531568019,#DIV/0!,0.7568138531568019,0.34296064363657847,0.9469377486269172,#DIV/0!,0.0,0.5453874538745388,1.8353658536585367
104,Erie County (West Central)--Buffalo City (East) PUMA,#DIV/0!,#DIV/0!,#DIV/0!,0.0,#DIV/0!,#DIV/0!,#DIV/0!,#DIV/0!,#DIV/0!,0.0,#DIV/0!,#DIV/0!,#DIV/0!,#DIV/0!
105,Genesee & Orleans Counties PUMA,#DIV/0!,#DIV/0!,#DIV/0!,#DIV/0!,#DIV/0!,#DIV/0!,#DIV/0!,#DIV/0!,#DIV/0!,#DIV/0!,#DIV/0!,#DIV/0!,#DIV/0!,#DIV/0!
106,"NYC-Staten Island Community District 1--Port Richmond, Stapleton & Mariner's Harbor PUMA",#DIV/0!,#DIV/0!,0.8744292237442922,0.6524310118265441,#DIV/0!,0.7619359425278754,#DIV/0!,0.7619359425278754,2.173102028519783,0.8565811923131342,#DIV/0!,0.37478680014831295,0.9939680929026439,0.5567053864591842
107,"Steuben (North & West), Schuyler & Chemung (North) Counties PUMA",#DIV/0!,#DIV/0!,#DIV/0!,#DIV/0!,#DIV/0!,#DIV/0!,#DIV/0!,#DIV/0!,#DIV/0!,0.0,#DIV/0!,#DIV/0!,#DIV/0!,#DIV/0!
108,Nassau County (South Central)--Hempstead Town (Southeast) PUMA,#DIV/0!,#DIV/0!,1.0,1.0,0.0,0.3578368999421631,0.0,0.3578368999421631,0.4795861531661689,0.9579938210839162,#DIV/0!,0.42168674698795183,1.0,1.0568121875369052
109,"NYC-Bronx Community District 9--Castle Hill, Clason Point & Parkchester PUMA",#DIV/0!,#DIV/0!,0.42592592592592593,0.9269741541494217,0.0,2.227489161524025,0.0,2.227489161524025,1.6693527864958855,0.7075791612244413,#DIV/0!,0.8787690299686954,2.6031746031746033,1.1315968675519237
110,Suffolk County (East) PUMA,#DIV/0!,#DIV/0!,0.19318181818181818,0.5979014311551467,#DIV/0!,3.0421292083712466,#DIV/0!,3.0421292083712466,0.3840487182005697,0.7644758132705377,#DIV/0!,0.33187762527502884,1.436179981634527,1.080489543819844
111,Orange County (Northwest) PUMA,#DIV/0!,#DIV/0!,#DIV/0!,0.7175686595115645,#DIV/0!,0.8233989360702269,#DIV/0!,0.8233989360702269,#DIV/0!,0.6429931126752374,#DIV/0!,0.5539633741535508,#DIV/0!,0.8932304185222473
112,Broome County (West Central)--Greater Binghamton City & Greater Johnson City Village PUMA,#DIV/0!,#DIV/0!,#DIV/0!,#DIV/0!,#DIV/0!,#DIV/0!,#DIV/0!,#DIV/0!,#DIV/0!,#DIV/0!,#DIV/0!,#DIV/0!,#DIV/0!,#DIV/0!
113,"NYC-Bronx Community District 11--Pelham Parkway, Morris Park & Laconia PUMA",#DIV/0!,#DIV/0!,1.1672473867595818,0.9812885942138417,#DIV/0!,5.489365971107544,#DIV/0!,5.489365971107544,1.2538936655948432,0.7802301170431986,#DIV/0!,3.5148523411024275,#DIV/0!,4.209998310382698
114,Suffolk County (Northwest)--Smithtown Town PUMA,#DIV/0!,#DIV/0!,1.0,#DIV/0!,#DIV/0!,#DIV/0!,#DIV/0!,#DIV/0!,0.5382266583688384,0.0,#DIV/0!,#DIV/0!,1.0,#DIV/0!
115,Ulster County (East) PUMA,#DIV/0!,#DIV/0!,1.0,#DIV/0!,#DIV/0!,0.0,#DIV/0!,0.0,0.9027777777777778,0.0,#DIV/0!,#DIV/0!,1.0,1.3282051282051281
116,Westchester County (Northeast) PUMA,#DIV/0!,#DIV/0!,0.4604651162790698,0.21966977745872218,0.0,#DIV/0!,0.0,#DIV/0!,1.3197021645021643,1.0816456548288762,#DIV/0!,#DIV/0!,0.5395348837209303,0.7185005100306018
117,NYC-Brooklyn Community District 4--Bushwick PUMA,#DIV/0!,#DIV/0!,0.8103813559322034,0.9008491412500812,#DIV/0!,2.8168425451885906,#DIV/0!,2.8168425451885906,3.2633333333333328,0.7055384966079622,#DIV/0!,1.7803377452398736,#DIV/0!,0.7189905269390171
118,NYC-Manhattan Community District 3--Chinatown & Lower East Side PUMA,#DIV/0!,#DIV/0!,0.7033248081841432,0.7147302904564315,#DIV/0!,#DIV/0!,#DIV/0!,#DIV/0!,0.7521829092467752,0.22844478932969872,#DIV/0!,#DIV/0!,#DIV/0!,0.0
119,Dutchess County (North & East) PUMA,#DIV/0!,#DIV/0!,1.0,0.3697478991596639,#DIV/0!,0.0,#DIV/0!,0.0,0.6956521739130435,1.5546042849508164,#DIV/0!,#DIV/0!,1.0,3.84
120,Nassau County (Central)--Hempstead Town (North Central)--Meadowbrook Corridor PUMA,#DIV/0!,0.4408725602755454,0.8842396545218228,0.9689303151353751,0.0,0.6337454168364134,0.0,0.6337454168364134,1.5045546558704455,0.7549183794046475,#DIV/0!,2.3582705853777024,0.6112531969309463,0.9368065617495324
121,Broome (Outer West) & Tioga Counties PUMA,#DIV/0!,#DIV/0!,1.0,#DIV/0!,#DIV/0!,#DIV/0!,#DIV/0!,#DIV/0!,0.16666666666666666,0.0,#DIV/0!,#DIV/0!,#DIV/0!,#DIV/0!
122,"Rockland County (South)--Orangetown, Clarkstown (South) & Ramapo (Southeast) Towns PUMA",#DIV/0!,#DIV/0!,1.0,1.0,#DIV/0!,#DIV/0!,#DIV/0!,#DIV/0!,0.9071063394683025,0.7137754744730024,#DIV/0!,#DIV/0!,1.0,43.55555555555555
123,"NYC-Brooklyn Community District 17--East Flatbush, Farragut & Rugby PUMA",#DIV/0!,0.0,#DIV/0!,#DIV/0!,#DIV/0!,#DIV/0!,#DIV/0!,#DIV/0!,#DIV/0!,#DIV/0!,#DIV/0!,#DIV/0!,#DIV/0!,#DIV/0!
124,Orange County (Northeast)--Greater Newburgh City PUMA,#DIV/0!,#DIV/0!,#DIV/0!,0.9049728982502092,#DIV/0!,4.86284065865152,#DIV/0!,4.86284065865152,#DIV/0!,0.9365886474517018,#DIV/0!,#DIV/0!,#DIV/0!,0.45190232289859916
125,"NYC-Manhattan Community District 1 & 2--Battery Park City, Greenwich Village & Soho PUMA",#DIV/0!,#DIV/0!,0.8326241134751773,#DIV/0!,#DIV/0!,#DIV/0!,#DIV/0!,#DIV/0!,1.2463059195226538,0.0,#DIV/0!,#DIV/0!,#DIV/0!,#DIV/0!
126,NYC-Queens Community District 6--Forest Hills & Rego Park PUMA,0.0,0.0,0.7411377870563675,1.0,0.0,0.6284666241735718,0.0,0.6284666241735718,1.5703615352787839,0.7833241076040782,0.0,#DIV/0!,15.994407158836687,0.5658426778940346
127,Onondaga County (North) PUMA,#DIV/0!,#DIV/0!,#DIV/0!,#DIV/0!,#DIV/0!,#DIV/0!,#DIV/0!,#DIV/0!,#DIV/0!,#DIV/0!,#DIV/0!,#DIV/0!,#DIV/0!,#DIV/0!
128,Nassau County (Northeast)--Oyster Bay Town (North) & Glen Cove City PUMA,#DIV/0!,#DIV/0!,1.0,0.7052932761087267,0.0,#DIV/0!,0.0,#DIV/0!,1.3789762565303179,0.5924539053657037,0.0,1.5539440580139114,#DIV/0!,0.0
129,Monroe County (North & West) PUMA,#DIV/0!,#DIV/0!,#DIV/0!,#DIV/0!,#DIV/0!,#DIV/0!,#DIV/0!,#DIV/0!,0.0,#DIV/0!,#DIV/0!,#DIV/0!,#DIV/0!,#DIV/0!
130,Sullivan & Ulster (West) Counties PUMA,#DIV/0!,#DIV/0!,#DIV/0!,0.6666666666666666,#DIV/0!,#DIV/0!,#DIV/0!,#DIV/0!,#DIV/0!,0.3094584643533304,#DIV/0!,#DIV/0!,1.0,3.280701754385965
131,Suffolk County (Southwest)--Babylon Town (Southeast) PUMA,#DIV/0!,0.0,#DIV/0!,0.26407766990291265,#DIV/0!,#DIV/0!,#DIV/0!,#DIV/0!,#DIV/0!,0.6553431822608017,#DIV/0!,#DIV/0!,#DIV/0!,1.9620991253644315
132,Suffolk County (Northwest)--Huntington Town (North) PUMA,0.0,0.0,0.6463791848617176,0.729291915152422,7.828947368421053,2.5614194844325415,7.828947368421053,2.5614194844325415,0.20786057910501957,1.0822797842874428,#DIV/0!,#DIV/0!,2.9166666666666665,1.0323334782398688
133,"NYC-Queens Community District 12--Jamaica, Hollis & St. Albans PUMA",#DIV/0!,2.7128132387706856,1.584908232315856,0.7840835440178626,1.75609756097561,1.1791760342806634,1.75609756097561,1.1791760342806634,0.3372463958675856,0.983480245593415,#DIV/0!,7.233511969957752,0.38699863090106995,1.2064400593667686
134,"NYC-Queens Community District 13--Queens Village, Cambria Heights & Rosedale PUMA",#DIV/0!,#DIV/0!,0.5080831408775982,0.8807473576542788,#DIV/0!,0.0,#DIV/0!,0.0,0.7090719614016348,0.885016598873552,#DIV/0!,0.0,0.8760560235461281,1.5153202137012238
135,Monroe County (Central)--Rochester City (West) PUMA,#DIV/0!,#DIV/0!,#DIV/0!,#DIV/0!,#DIV/0!,1.8533333333333335,#DIV/0!,1.8533333333333335,#DIV/0!,#DIV/0!,#DIV/0!,1.8533333333333335,#DIV/0!,#DIV/0!
136,NYC-Queens Community District 10--Howard Beach & Ozone Park PUMA,0.817969282722343,0.5011783088706165,1.3755383990247867,0.8044451672358649,1.136899027255493,0.9936334225792056,1.136899027255493,0.9936334225792056,0.8030278777182357,0.7980933906482683,#DIV/0!,0.5118266392578537,0.7783357245337159,0.5956874795149131
137,Suffolk County (Central)--Islip Town (Northwest) PUMA,#DIV/0!,#DIV/0!,0.7272066961815163,0.8769163369706611,#DIV/0!,0.7493368452672899,#DIV/0!,0.7493368452672899,0.7114732364007622,0.9832383084099875,#DIV/0!,0.8136686009026435,0.5323741007194245,0.9748524350414569
138,Putnam County PUMA,#DIV/0!,#DIV/0!,1.6236559139784945,1.0,#DIV/0!,0.0,#DIV/0!,0.0,0.7587412587412588,1.0430376945060913,#DIV/0!,0.0,2.603448275862069,3.5079496369818957
139,NYC-Queens Community District 2--Sunnyside & Woodside PUMA,#DIV/0!,2.4987663693300437,0.7255125284738041,1.0307590469513175,#DIV/0!,0.7122416534181241,#DIV/0!,0.7122416534181241,1.0055549239668549,0.8865126480513834,#DIV/0!,0.35343832325186436,0.4396256283877004,2.392036199095023
140,Nassau County (Central)--Hempstead Town (East Central) PUMA,0.0,#DIV/0!,1.5032679738562091,#DIV/0!,#DIV/0!,#DIV/0!,#DIV/0!,#DIV/0!,1.528707447502283,0.0,#DIV/0!,#DIV/0!,1.0,#DIV/0!
141,Suffolk County (Northwest)--Huntington Town (South) PUMA,#DIV/0!,#DIV/0!,#DIV/0!,#DIV/0!,#DIV/0!,0.9621067725182297,#DIV/0!,0.9621067725182297,#DIV/0!,#DIV/0!,#DIV/0!,0.0,#DIV/0!,1.1795573116327835
142,"NYC-Bronx Community District 4--Concourse, Highbridge & Mount Eden PUMA",#DIV/0!,0.3139187268604118,0.7315130830489193,0.8842636392305266,#DIV/0!,1.1637151523089582,#DIV/0!,1.1637151523089582,0.7768938641111798,1.0317133124498343,0.8098085520167706,0.39733884155262933,0.0,5.994902595960045
143,Nassau County (Central)--Hempstead Town (Northeast) PUMA,#DIV/0!,0.0,#DIV/0!,0.39730639730639733,0.0,#DIV/0!,0.0,#DIV/0!,#DIV/0!,0.6844715370147356,#DIV/0!,#DIV/0!,#DIV/0!,1.0
144,NYC-Brooklyn Community District 14--Flatbush & Midwood PUMA,23.166666666666664,0.0,0.0,2.427651984389408,5.680715197956577,0.5544057698338037,5.680715197956577,0.5544057698338037,0.0,1.655292817679558,#DIV/0!,0.7454882998013989,0.0,#DIV/0!
145,"Rockland County (West)--Spring Valley, Suffern Villages & Monsey PUMA",#DIV/0!,#DIV/0!,0.0,1.0455352055352056,#DIV/0!,1.0982946432868625,#DIV/0!,1.0982946432868625,0.0,1.326480337594031,#DIV/0!,1.5419932731456896,0.0,#DIV/0!
146,Capital Region,0.0,#DIV/0!,0.8440779610194903,0.8494983277591973,5.155993888040006,0.3552746017267347,5.155993888040006,0.3552746017267347,1.0654484677281983,0.3070846745688909,#DIV/0!,#DIV/0!,0.8326411075612353,0.4392185374172389
147,Central NY,#DIV/0!,#DIV/0!,1.2388059701492538,0.7508196721311475,0.0,#DIV/0!,0.0,#DIV/0!,1.721698113207547,0.23707407926029292,#DIV/0!,#DIV/0!,0.825147347740668,1.1360583983922083
148,Finger Lakes,#DIV/0!,0.0,1.0,0.33071744737763914,#DIV/0!,2.9117749543468863,#DIV/0!,2.9117749543468863,0.6865671641791045,0.24672880583448983,#DIV/0!,1.4614338544622067,1.0,0.8002538327057558
149,Long Island,0.2589770774205019,1.5956861203062613,0.733749020286367,0.7639179710596226,1.1994230692802605,1.961595183563388,1.1994230692802605,1.961595183563388,0.7941473846482265,0.6651572514346059,0.5303915967125215,0.8795949542759156,1.160099795472219,0.9301081308940315
150,Mid-Hudson,0.0,8.229321915135984,0.9557631323150371,0.6795757197223897,0.44826385356197074,1.0344959625109658,0.44826385356197074,1.0344959625109658,0.8336948995719484,0.8546332975972738,0.0,1.005131189342581,0.9646416831705126,0.9074472034020331
151,Mohawk Valley,#DIV/0!,#DIV/0!,#DIV/0!,#DIV/0!,#DIV/0!,#DIV/0!,#DIV/0!,#DIV/0!,#DIV/0!,#DIV/0!,#DIV/0!,#DIV/0!,#DIV/0!,#DIV/0!
152,New York City,0.9159505792826301,1.6684964350442362,0.9324046919219556,0.8544623283701963,2.102752813650528,1.2592339864417892,2.102752813650528,1.2592339864417892,0.8476440535984605,0.7774425222318424,1.573282668120231,1.0697083563536158,0.8239279614775198,1.0686022169330103
153,North Country,#DIV/0!,#DIV/0!,1.0,0.0,#DIV/0!,#DIV/0!,#DIV/0!,#DIV/0!,0.16560509554140126,0.0,#DIV/0!,#DIV/0!,9.112903225806452,0.5676470588235294
154,Southern Tier,#DIV/0!,#DIV/0!,1.0,0.85625,#DIV/0!,0.0,#DIV/0!,0.0,0.16666666666666666,0.2379182156133829,#DIV/0!,#DIV/0!,#DIV/0!,0.5243055555555556
155,Western NY,#DIV/0!,#DIV/0!,1.0,0.7271040682954727,#DIV/0!,1.5478196186637336,#DIV/0!,1.5478196186637336,2.0310502263316206,0.4259242448593988,#DIV/0!,#DIV/0!,0.5981697171381032,0.6368644602380252
